A2C,A4C,PLAX,PSAX,Subcostal
-0.6546519341298448,-1.1050821559306159,-1.4643656203298483,-1.0360518386631556,-1.1066485419728935
-0.03259255813516711,-0.4087940889918148,-0.44589682343216824,-0.3532261013621597,-0.3633098798796033
0.18332255621764187,-0.06157364410737392,0.11149756224914636,0.14724505486390116,0.06091289379734253
0.2927955660228825,0.4643421654044472,0.6832472012928371,0.5371294951201869,0.5544267061380987
0.21112637002449844,1.1111077236253677,1.115517680220037,0.7049033900412244,0.8546188219170592
